11.694,9.3639,5.5432,10.396,7.6523,12.427,8.9296,10.328,5.2182,17.34,17.724,11.537,9.57,5.8955,17.543,10.057,6.9294,14.049,3.0027,10.707,10.809,8.2788,9.9839,12.744,11.611,11.364,6.8634,11.882,11.495,11.822,15.03,8.995,13.55,12.862,18.478,17.001,15.945,10.936,15.367,17.307,18.639,10.08,7.6077,16.484,18.471,9.088,15.004,12.089,7.6545,16.732,12.242,16.246,12.889,19.171,15.443,16.731,11.814,15.999,16.139,22.758,18.161,8.9461,10.737,24.033,9.0232,4.5895,13.032,21.454,8.5692,17.783,11.705,15.185,21.409,20.795,13.832,14.086,12.813,11.416,19.425,15.929
0,10.97,9.362,9.8841,6.9688,10.311,12.748,12.656,6.9184,9.4633,16.992,10.848,3.5777,11.004,15.776,8.0046,8.6978,13.366,11.213,16.665,9.8812,10.047,11.684,14.862,17.156,12.739,8.5636,13.257,9.4423,14.153,16.17,15.5,8.8356,9.6539,19.696,19.329,14.231,10.252,16.813,15.434,16.522,9.3963,13.565,13.196,17.787,12.95,18.823,11.461,6.971,18.107,11.985,13.287,14.264,18.915,14.815,15.5,11.91,15.487,15.211,14.536,15.362,14.903,11.072,21.916,10.723,12.8,11.466,18.166,7.8857,13.069,18.341,14.556,16.032,16.317,18.941,15.692,14.581,12.791,16.136,4.2342
9.8841,11.427,4.8527,0,10.357,7.6364,8.2392,9.6378,10.306,17.17,16.222,12.439,13.462,16.291,16.354,15.145,11.143,16.754,12.453,14.638,13.514,12.493,13.724,9.4603,20.229,15.854,11.952,16.372,16.583,5.6881,20.118,18.445,14.452,17.835,16.649,16.311,14.687,13.64,19.629,14.024,13.848,12.784,16.967,20.903,21.175,18.538,14.314,18.066,10.359,21.222,19.692,18.636,17.379,22.709,17.428,15.956,12.366,12.813,18.843,24.302,16.332,18.305,12.649,19.242,14.111,14.04,17.024,25.873,11.274,18.685,9.8763,21.162,18.674,21.419,21.662,16.148,17.026,15.906,22.637,14.118
6.9688,7.9587,11.908,10.357,0,10.783,12.508,11.11,2.8764,9.6879,16.528,9.6102,10.547,8.8708,16,7.7155,4.6558,6.397,7.1712,12.636,3.1568,6.0052,7.642,14.573,13.114,9.022,4.5216,9.5404,9.1532,10.111,12.688,13.164,11.623,12.537,20.004,13.968,11.219,6.2104,12.771,13.464,16.995,2.4275,9.537,13.42,13.745,13.257,15.513,14.272,2.929,14.39,16.41,11.52,10.547,12.352,13.067,12.488,8.8983,15.96,8.4865,20.416,13.596,10.875,12.667,22.389,6.6813,8.7581,8.5712,18.39,3.8437,14.18,14.299,15.594,21.821,17.415,15.175,12.68,10.539,9.0738,16.361,11.203
12.512,13.502,4.1239,8.1646,8.4705,12.833,7.5104,8.909,8.4201,18.158,8.0573,11.71,16.09,15.563,16.289,13.259,10.2,14.868,11.724,18.18,11.627,11.549,13.186,17.625,15.402,14.566,10.065,15.084,14.697,13.853,18.232,14.874,13.723,17.106,22.218,15.582,16.763,11.754,18.315,21.934,19.044,10.898,15.081,15.23,19.289,17.809,13.585,10.835,8.4727,19.934,20.963,17.064,16.091,20.823,14.189,18.032,14.442,18.009,16.957,25.959,19.14,16.419,17.798,24.438,12.225,13.311,17.042,20.2,4.6268,17.956,18.041,13.93,22.276,20.69,20.718,18.224,16.083,14.618,18.17,16.747
11.734,16.491,12.67,17.523,14.617,18.722,11.676,10.277,12.345,19.156,14.343,14.727,15.311,13.022,21.997,9.8977,14.056,21.014,10.129,17.834,11.763,15.406,17.111,16.755,18.738,12.046,13.99,12.564,11.335,18.949,13.52,16.122,16.74,7.0045,22.108,16.95,16.51,11.492,8.8635,21.318,24.933,13.291,13.308,18.517,15.111,10.301,21.781,14.122,14.619,17.414,13.455,10.637,13.571,15.423,18.23,15.241,15.136,16.907,17.093,16.429,12.713,16.073,10.776,27.965,16.15,11.716,13.348,22.646,15.534,20.449,18.832,11.027,20.217,13.668,20.959,18.97,19.94,12.098,18.829,15.968
9.5892,13.075,7.8515,12.704,8.0433,15.9,4.4651,3.0665,5.1668,16.606,14.155,8.665,13.167,15.486,17.881,6.4452,9.7723,14.277,9.4616,16.069,11.2,8.7084,9.9325,13.302,16.973,3.1497,6.812,3.6681,5.0074,15.227,13.332,15.454,10.678,6.8164,15.751,9.7394,7.6143,11.327,15.316,17.866,18.925,10.471,9.7441,12.873,18.862,10.113,17.313,17.268,8.0455,8.5179,13.267,10.449,4.6747,20.196,18.042,6.3455,14.015,16.719,16.53,16.241,12.524,14.308,10.587,19.069,8.9718,11.048,14.962,13.751,8.9602,14.911,18.121,17.885,25.391,13.48,17.878,10.074,15.656,3.2016,9.9332,13.823
3.621,14.442,5.741,6.2631,9.4103,6.6898,9.1274,10.526,9.3599,10.907,17.922,13.327,7.1987,14.625,17.22,11.626,11.139,15.807,12.043,13.691,12.567,12.489,12.778,15.723,13.966,13.959,11.005,14.477,13.063,11.951,19.171,18.036,12.457,13.275,16.075,17.199,17.703,12.694,19.255,19.055,12.901,11.838,16.02,14.64,17.715,16.571,15.202,15.082,9.4124,19.327,13.429,12.373,15.484,20.358,18.436,18.972,15.382,11.866,17.897,18.157,14.448,16.632,11.703,18.296,13.165,13.63,15.087,19.61,10.327,15.033,16.139,18.177,12.411,19.938,21.658,19.164,17.023,9.7786,17.58,7.8552
12.748,16.621,3.3864,8.2392,12.508,13.616,0,1.3986,9.632,16.525,15.568,4.1999,16.326,11.021,16.213,8.1135,9.1543,12.609,10.986,19.637,15.665,10.504,14.398,14.971,20.541,7.6148,11.277,8.1333,9.4725,13.927,16.112,16.979,6.2127,9.5959,20.216,8.0715,12.079,15.792,17.64,19.534,19.828,14.936,14.209,16.766,21.033,12.892,12.848,18.345,10.881,12.983,16.046,13.229,9.1398,22.975,20.821,10.811,14.191,18.792,20.995,19.021,15.304,17.876,10.287,23.534,13.437,12.573,14.662,18.216,12.137,10.446,18.115,21.441,21.538,13.179,18.958,14.539,15.038,7.6667,14.398,16.983
15.754,16.706,6.3916,11.244,12.443,15.053,9.7781,11.177,12.393,22.131,13.589,13.978,19.331,17.83,20.93,17.232,13.644,18.84,13.992,21.722,15.6,14.993,16.22,20.705,13.704,17.393,13.099,17.911,18.669,16.932,21.266,19.984,12.805,16.632,21.191,17.85,19.966,15.727,18.871,21.985,21.264,14.87,17.728,19.331,11.255,19.929,3.0696,21.351,12.445,22.761,23.082,12.11,18.918,24.795,22.583,20.589,17.645,18.38,20.929,26.057,14.186,16.369,20.065,26.658,16.197,15.578,21.014,24.301,13.36,8.5722,18.102,24.446,21.152,22.957,22.979,21.427,19.527,17.445,22.271,15.542
9.9685,10.958,12.52,13.042,5.9265,13.469,14.787,13.388,5.8761,15.614,14.532,12.61,13.546,14.797,16.953,10.715,7.6555,12.324,10.171,15.636,9.0833,9.0049,10.642,17.572,7.1875,12.022,7.5213,12.54,12.153,13.11,15.688,16.163,12.487,10.116,17.249,19.895,14.219,9.2101,15.771,19.39,19.68,8.354,12.537,12.815,10.936,13.412,9.5861,17.21,5.9287,17.39,16.566,5.594,13.547,18.279,16.067,15.488,11.898,11.863,14.413,19.54,7.6693,9.8527,13.887,25.074,9.681,11.758,14.498,17.785,6.8434,8.2539,14.125,18.594,19.189,16.779,16.463,15.68,13.539,12.074,15.755,9.0251
6.0771,17.047,13.262,13.784,13.046,14.211,15.282,13.883,12.996,3.3862,20.09,15.711,9.6548,17.081,9.6986,14.082,14.524,19.443,17.227,19.249,14.784,15.874,17.761,19.662,12.746,18.732,14.641,19.25,15.519,19.472,20.206,21.577,14.913,13.691,17.824,17.84,20.308,16.33,19.192,21.512,20.422,15.473,16.15,7.1187,23.865,9.062,22.723,11.513,13.048,17.321,5.9083,17.323,20.257,12.837,19.734,21.577,17.987,19.387,20.113,18.97,18.983,15.411,4.9947,25.817,16.8,16.061,9.3691,12.089,13.963,19.146,16.176,14.609,19.932,17.274,25.018,21.769,20.408,17.3,10.059,10.311
6.9184,7.9083,9.8155,10.306,2.8764,10.733,9.632,8.2334,0,12.564,16.477,9.5598,10.496,11.114,15.796,4.839,4.6054,9.2735,4.2948,12.586,6.0332,3.5415,4.7656,11.696,13.064,6.1455,1.6452,6.664,6.2768,10.06,9.8116,10.287,11.573,11.983,17.485,14.906,11.169,6.16,10.149,16.26,16.945,5.304,7.3805,15.985,13.695,10.38,15.462,14.222,2.8786,11.514,13.534,11.47,7.6706,15.229,13.017,11.512,8.8479,15.909,11.363,17.539,13.545,10.825,12.616,20.401,3.8049,5.8816,11.448,16.746,3.7933,14.13,12.997,12.718,21.77,18.646,12.711,12.63,10.489,6.1974,15.1,11.153
8.0089,5.5955,13.318,8.4654,4.9975,11.502,13.66,13.18,4.9471,14.685,18.598,11.681,11.587,13.868,18.816,9.7861,6.7265,11.394,9.2419,14.707,8.1543,8.0759,9.7127,16.643,15.185,11.093,6.5923,11.611,11.224,11.131,14.759,15.234,13.694,14.608,17.641,18.966,8.8563,8.2811,14.842,18.461,17.714,7.425,11.608,18.106,15.816,15.327,16.814,16.343,4.9997,16.461,18.481,13.591,12.618,17.35,11.596,10.125,3.9008,16.679,13.484,18.894,15.666,12.946,14.737,23.108,8.752,10.829,13.569,21.693,5.9144,16.251,15.32,15.918,23.891,21.271,17.245,10.317,12.61,11.145,20.047,12.243
13.603,13.99,20.786,16.86,13.392,9.7438,18.088,16.689,13.342,11.983,20.755,16.597,17.181,18.957,14.686,11.767,15.121,19.789,17.636,16.745,16.549,16.47,8.7428,16.871,16.814,17.023,11.863,17.541,13.205,17.573,19.933,23.629,18.61,13.417,6.612,16.458,17.251,16.676,23.237,21.434,9.7856,15.82,7.6353,15.716,24.211,16.713,11.509,20.111,13.394,13.845,19.867,17.049,18.548,25.744,19.991,18.52,12.627,14.92,21.879,18.299,16.191,16.999,17.188,15.18,17.147,19.223,21.562,19.078,14.309,22.843,13.385,22.353,28.844,20.08,25.64,18.712,21.004,17.075,14.377,17.837
13.855,15.217,15.975,11.181,10.185,3.5446,15.297,13.898,7.3091,14.8,23.786,11.869,17.433,15.32,8.4871,12.148,10.683,14.797,11.604,10.546,13.342,10.851,2.5435,14.15,20.373,13.455,5.6639,13.973,13.586,14.852,13.83,17.596,13.882,19.292,12.811,10.259,18.478,13.469,17.458,18.713,9.756,12.613,13.835,18.294,21.004,17.689,17.708,13.974,10.188,18.823,20.843,14.99,14.98,22.538,17.328,18.821,6.4277,8.7207,18.672,20.21,10.808,17.728,16.621,15.15,11.114,13.191,18.757,23.264,11.102,18.115,10.664,16.154,22.645,25.679,20.02,19.939,16.566,13.506,20.576,18.09
10.604,16.873,9.8171,14.67,11.841,7.1856,6.4307,7.8293,11.791,14.555,17.755,2.2308,12.017,4.5903,19.217,8.7677,7.1852,14.484,12.845,14.187,14.998,8.5346,13.274,15.625,20.424,12.711,13.436,14.564,10.205,12.64,16.933,18.837,4.2435,10.417,16.571,14.502,18.51,15.125,15.671,18.165,13.397,14.269,15.7,14.797,21.469,13.714,19.278,17.615,8.912,19.414,16.867,14.05,14.236,23.797,20.969,17.241,12.221,12.362,20.328,15.299,16.125,19.432,14.188,18.791,14.741,11.679,18.563,19.767,12.758,8.4766,16.828,20.711,24.411,17.08,12.527,19.635,13.069,14.097,17.737,14.838
11.269,14.534,14.597,16.618,9.5024,13.464,11.211,9.8121,9.452,18.692,13.878,14.263,14.846,16.622,13.378,9.4328,11.231,15.899,13.747,19.212,12.659,10.57,14.218,14.035,10.763,11.581,11.097,12.099,10.871,14.738,13.056,19.739,16.063,6.5397,13.673,16.485,16.045,12.786,17.483,18.599,16.847,11.93,12.843,16.391,14.512,9.8362,13.162,20.785,9.5046,16.949,12.99,2.018,13.106,19.919,17.765,14.777,15.474,8.2874,17.989,15.964,4.0934,13.429,10.311,22.241,13.257,15.334,14.685,21.361,10.419,11.83,10.549,19.646,22.765,13.203,12.887,18.505,17.115,11.633,18.364,12.601
16.992,21.56,12.181,16.222,16.528,20.89,15.568,15.536,16.477,16.704,0,19.768,20.57,22.346,23.017,15.156,18.257,22.925,16.914,22.473,19.685,19.606,21.243,22.013,7.3445,17.304,18.123,17.823,16.594,21.91,18.779,22.907,21.78,12.263,17.546,22.208,21.769,19.811,23.206,26.577,20.72,18.955,18.567,12.972,24.844,15.56,16.659,17.367,16.53,22.672,18.713,15.896,18.829,25.643,22.246,20.5,22.499,22.165,25.014,21.688,17.971,10.01,16.034,26.114,20.282,13.248,20.409,17.942,12.684,22.162,24.319,20.462,30.333,18.926,26.765,24.228,24.14,17.356,15.912,21.226
10.848,14.642,7.5864,12.439,9.6102,9.4163,4.1999,5.5985,9.5598,12.325,19.768,0,14.248,6.8211,18.637,10.998,4.9544,12.253,10.614,16.418,12.767,6.3038,14.325,17.856,18.193,10.48,11.205,12.333,12.436,10.409,19.164,16.606,2.0128,12.648,18.801,12.271,16.279,12.894,13.44,17.102,15.628,12.038,15.143,12.566,19.238,13.947,17.048,16.961,6.6812,17.183,17.1,16.281,12.005,21.963,19.751,15.011,9.9906,14.593,18.097,17.53,18.356,17.559,14.487,21.022,12.51,9.4481,18.181,17.536,10.527,6.2458,14.598,19.716,22.18,17.379,14.758,17.404,10.838,11.867,15.506,15.083
10.582,11.572,9.1361,13.027,6.5398,12.343,7.2704,8.669,6.4894,9.2542,20.141,3.0704,14.159,9.8915,15.567,9.5313,1.884,12.937,8.5107,16.249,9.6966,3.2334,11.255,16.388,15.123,12.635,8.1346,13.153,10.969,7.339,16.301,14.503,5.0832,15.718,18.3,15.342,14.832,9.8234,10.37,20.003,16.659,8.9673,12.073,9.4953,17.358,14.596,18.597,13.89,3.6108,18.003,17.75,15.133,14.16,18.892,16.68,16.101,6.9201,17.52,15.026,20.6,17.209,14.488,16.28,20.093,10.294,10.098,15.111,14.465,7.4567,9.3162,11.527,16.646,25.251,20.45,12.403,16.293,7.7673,12.687,12.436,14.816
11.004,15.259,11.439,16.291,8.8708,11.776,11.021,12.42,11.114,18.559,22.346,6.8211,7.4265,0,23.439,13.358,11.775,15.268,8.8982,16.603,12.028,13.125,15.879,18.139,17.507,17.259,12.759,17.778,14.796,17.23,20.925,14.891,8.8339,15.007,21.161,19.093,20.09,15.081,20.261,13.575,17.987,11.298,13.503,19.387,22.616,14.983,20.9,17.985,11.8,22.627,18.137,18.64,18.784,21.223,21.339,21.359,16.812,16.952,17.357,19.89,20.716,14.842,16.633,23.382,14.919,10.485,17.442,24.357,12.714,13.067,17.601,21.08,27.036,17.526,7.9369,19.981,17.659,17.311,22.327,15.238
15.386,16.748,16.404,12.712,11.716,5.0753,14.538,15.429,8.8398,16.33,25.317,10.339,18.964,16.851,10.018,13.679,9.1521,16.327,13.135,12.077,14.873,10.501,4.0742,12.619,21.903,14.985,7.1946,15.504,15.117,13.321,15.361,19.127,12.351,20.823,12.257,11.79,20.009,15,17.638,17.183,9.3912,14.144,15.365,16.763,22.535,19.22,19.239,15.505,10.879,19.49,22.374,16.521,16.51,24.069,18.859,20.352,7.9584,10.251,20.203,21.741,11.94,19.258,18.151,14.785,12.645,14.721,20.287,21.734,12.633,16.584,9.1332,17.684,24.176,27.21,19.671,21.47,15.035,15.037,19.704,19.62
8.6978,9.6877,7.2521,11.143,4.6558,12.512,9.1543,10.553,4.6054,11.138,18.257,4.9544,12.276,11.775,16.121,7.6473,0,11.053,8.9002,14.365,7.8126,1.3494,9.371,14.504,14.843,10.751,6.2506,11.269,9.085,5.455,14.417,14.893,6.9671,14.266,16.416,17.226,12.948,7.9394,8.4855,18.119,18.543,7.0834,10.189,11.379,15.474,14.986,16.713,15.774,1.7268,16.119,18.139,13.249,12.276,17.008,14.796,14.217,8.8041,17.689,13.142,20.348,15.325,12.604,14.396,18.209,8.4104,10.487,13.227,16.349,5.5727,11.2,9.6432,17.324,23.55,20.93,10.519,14.409,5.8834,10.803,14.32,12.932
13.068,14.057,9.809,14.662,9.0256,16.568,13.195,14.594,8.9752,18.713,17.007,11.401,16.645,17.896,20.053,13.814,10.755,15.423,13.27,18.735,12.182,12.104,12.802,20.671,10.287,15.121,9.6819,15.639,15.252,16.21,17.848,19.262,9.3879,13.215,20.348,21.267,17.318,12.309,15.454,18.568,22.779,11.453,15.636,15.914,7.8372,16.511,6.487,20.309,9.0278,20.489,19.665,8.6931,16.646,21.378,19.166,18.587,14.997,14.962,17.512,22.639,10.768,12.952,16.986,28.173,12.78,14.857,17.597,20.884,9.9425,5.1548,17.224,21.693,17.735,19.878,19.562,18.779,16.638,15.173,18.854,12.124
12.683,15.973,19.868,18.843,14.483,20.817,21.888,20.489,14.433,9.9922,24.904,21.166,16.261,23.354,16.305,19.272,16.212,20.88,18.727,24.193,17.64,17.561,19.198,26.129,19.352,19.31,16.078,14.663,20.709,21.509,24.082,24.72,21.519,17.566,24.43,24.446,19.234,17.767,24.328,27.947,27.028,16.91,21.093,13.725,25.302,15.668,27.069,18.119,14.485,19.513,12.514,21.199,20.835,19.443,13.128,20.503,16.913,25.993,16.351,25.576,23.274,22.017,11.601,32.423,18.237,20.314,15.975,18.695,15.4,25.737,22.782,21.215,26.538,23.88,26.731,20.695,22.095,19.362,16.665,16.917
11.209,19.08,16.645,18.916,11.434,16.811,14.779,16.177,13.998,1.7457,14.959,10.579,14.787,17.4,8.0581,17.04,9.3925,17.831,16.019,19.74,14.59,10.742,18.764,18.022,7.6141,18.01,15.643,17.039,18.478,14.847,23.81,18.853,12.592,18.822,12.692,16.199,22.341,17.332,17.878,22.585,15.865,13.861,19.469,1.9868,24.867,14.194,24.388,6.3816,11.119,12.19,11.04,20.396,19.535,17.969,15.598,21.206,14.429,21.988,19.92,17.329,17.342,10.279,10.127,21.26,17.803,17.606,14.501,6.9569,14.965,16.825,14.536,9.477,25.063,22.406,19.911,23.802,15.276,18.062,4.927,15.443
11.213,12.203,7.5999,12.453,7.1712,15.028,10.986,12.385,4.2948,16.859,16.914,10.614,12.573,8.8982,15.18,9.1338,8.9002,13.568,0,13.71,10.328,7.8363,9.0604,15.747,14.614,10.44,5.94,10.959,10.572,8.8194,14.106,8.0716,12.627,15.865,15.475,19.058,15.464,10.455,14.444,20.31,17.829,9.5988,10.61,18.006,17.99,8.1645,17.061,14.881,7.1734,15.808,11.318,15.765,11.965,18.247,17.312,15.807,10.891,17.206,15.658,21.834,15.159,11.949,13.74,23.223,8.0997,3.6661,15.742,21.041,8.0881,16.86,8.7026,17.013,20.485,22.941,16.835,16.925,14.784,10.492,19.395,15.447
11.18,17.168,20.434,18.278,9.2093,19.993,17.048,18.447,12.086,18.897,25.737,12.848,7.6025,9.3208,18.781,15.675,13.865,15.606,16.381,20.689,12.366,15.215,16.851,8.8177,21.594,18.231,13.731,18.75,17.113,19.32,21.897,22.373,10.835,19.794,19.077,23.177,20.429,15.42,21.981,4.2543,22.25,11.637,17.59,22.63,22.15,22.466,20.8,22.641,12.138,23.599,23.166,20.73,19.756,21.562,22.277,21.698,18.108,25.169,17.696,25.716,18.76,18.928,20.485,27.644,15.891,17.967,17.781,27.6,13.053,9.1584,15.953,24.804,27.212,8.2054,17.258,21.89,19.749,18.283,25.57,15.414
16.665,14.199,16.25,14.638,12.636,7.0016,19.637,19.135,12.586,17.995,22.473,16.418,13.087,16.603,11.682,17.425,14.365,19.033,13.71,0,15.793,15.715,13.09,16.261,15.128,18.732,14.231,19.25,18.863,19.82,22.398,19.702,18.431,16.379,16.387,19.823,20.929,15.92,22.481,20.824,13.213,15.064,11.125,20.582,23.455,19.795,24.791,16.187,12.639,23.62,22.949,18.447,20.257,24.989,19.541,22.198,16.974,12.178,21.123,23.667,20.966,12.463,14.254,18.607,16.391,15.297,18.629,25.552,13.553,22.664,18.16,19.282,26.102,26.534,24.54,18.92,20.249,18.783,23.522,20.899
10.047,11.037,8.6016,12.493,6.0052,13.862,10.504,11.775,3.5415,12.488,19.606,6.3038,13.625,13.125,17.47,6.2979,1.3494,12.402,7.8363,15.715,9.162,0,8.3071,13.155,16.192,9.6871,5.1867,10.205,7.7356,6.8044,13.353,13.829,8.3166,14.116,17.766,18.448,14.298,9.2889,9.835,17.718,19.893,8.4328,8.8393,12.729,16.824,13.922,18.063,17.124,3.0762,15.055,17.075,12.588,11.212,18.358,16.146,15.054,10.154,18.857,14.492,18.998,14.663,13.954,15.745,16.86,7.3464,9.4232,14.576,17.699,6.9222,12.55,10.993,16.26,24.899,20.779,9.1696,15.759,7.2328,9.7389,15.669,14.281
11.684,12.674,14.581,13.724,7.642,6.088,14.398,12.999,4.7656,17.33,21.243,14.325,15.262,15.879,11.031,9.6047,9.371,14.039,9.0604,13.09,10.799,8.3071,0,13.289,17.829,10.911,3.1204,11.43,11.042,13.992,11.287,15.053,16.338,16.749,12.927,12.803,15.935,10.926,14.914,17.853,12.299,10.07,12.146,20.75,18.461,15.146,19.289,16.518,7.6442,16.279,18.299,16.236,12.436,19.994,17.782,16.278,8.9712,11.264,16.129,22.305,12.61,15.591,17.382,17.694,8.5705,10.647,16.213,21.512,8.5589,17.957,9.8035,17.484,25.188,23.412,17.477,17.396,15.254,10.963,19.866,15.918
14.862,16.235,14.313,9.4603,14.573,17.097,14.971,16.369,11.696,16.276,22.013,17.856,15.124,18.139,9.9636,6.8571,14.504,20.97,15.747,16.261,17.729,13.155,13.289,0,17.165,16.452,13.341,16.97,8.2948,11.324,21.191,21.739,19.653,14.675,10.259,18.105,20.917,17.856,21.845,4.5634,13.433,17,13.161,20.008,25.391,17.972,23.774,18.224,14.575,17.492,21.125,16.053,17.977,26.925,21.577,19.648,19.611,21.553,23.059,19.557,9.942,14.5,16.291,18.827,15.501,17.333,20.666,22.725,15.489,17.976,7.1354,21.319,28.134,17.023,22.325,20.957,20.136,16.504,18.024,19.096
16.036,16.938,12.774,17.627,13.463,14.604,9.3874,10.786,11.438,17.512,22.597,5.1875,19.435,12.009,22.778,14.887,10.142,7.0657,15.733,21.605,16.619,11.491,16.204,21.745,23.38,5.2925,13.083,9.9394,13.45,15.597,21.25,21.725,7.2002,15.259,22.023,14.637,16.057,17.598,18.627,22.29,20.815,15.89,18.186,17.753,24.425,18.555,22.235,22.148,11.869,14.789,21.709,18.891,6.8175,25.815,24.455,14.788,15.178,19.78,21.949,22.718,20.967,22.263,19.03,21.212,15.243,14.636,22.034,20.022,15.231,11.433,19.785,24.156,27.368,21.922,19.945,12.217,16.025,9.4728,18.375,20.27
11.818,11.777,18.666,19.281,8.9238,19.707,17.672,16.273,10.04,18.612,20.339,18.534,15.396,17.795,24.924,14.879,13.58,15.321,14.334,21.56,5.767,13.581,14.805,21.736,22.038,16.185,11.685,16.703,16.316,19.035,19.516,20.327,20.547,13.001,27.524,22.892,20.143,15.134,14.86,22.387,25.919,7.2952,17.42,22.344,21.108,16.297,24.436,20.118,11.853,21.553,19.451,16.633,17.71,17.22,21.991,21.237,17.822,22.903,11.097,22.425,18.709,19.799,11.726,30.441,13.844,15.921,7.3516,26.786,12.768,23.104,23.037,17.023,15.677,19.664,22.751,16.499,19.463,16.237,24.825,16.052
11.955,12.945,16.894,15.343,7.9131,15.77,17.495,16.096,7.8627,17.601,21.514,14.596,15.533,16.784,23.659,12.702,9.6421,14.31,12.157,17.623,7.7377,10.992,12.628,19.559,18.1,14.008,9.5079,14.527,14.139,15.097,17.674,18.15,16.609,17.524,24.99,21.881,16.206,11.197,17.758,21.377,21.981,10.341,14.523,21.021,18.732,18.243,20.499,19.259,7.9153,19.376,21.397,16.507,15.533,20.265,18.053,17.475,13.885,20.946,13.067,25.402,18.582,15.862,13.697,27.375,11.668,13.744,9.3223,24.609,8.83,19.167,19.285,20.581,25.352,24.187,15.272,17.667,15.525,14.06,22.963,16.189
8.5636,9.5535,11.461,11.952,4.5216,9.2084,11.277,9.8785,1.6452,14.21,18.123,11.205,12.141,12.759,14.151,6.4842,6.2506,10.919,5.94,14.231,7.6784,5.1867,3.1204,13.341,14.709,7.7907,0,8.3092,7.922,11.706,8.1664,11.932,13.218,13.628,15.84,15.923,12.814,7.8052,11.794,17.905,15.42,6.9492,9.0257,17.63,15.34,12.025,16.169,15.867,4.5238,13.159,15.179,13.115,9.3157,16.874,14.662,13.158,10.493,14.385,13.008,19.185,15.191,12.47,14.262,20.814,5.4501,7.5268,13.093,18.392,5.4385,14.837,12.716,14.363,23.416,20.292,14.356,14.275,12.134,7.8426,16.745,12.798
13.257,14.572,11.52,16.372,9.5404,17.397,8.1333,6.7346,6.664,17.533,17.823,12.333,16.835,17.778,17.281,10.113,11.269,15.937,10.959,19.25,12.697,10.205,11.43,16.97,19.728,4.6468,8.3092,0,8.6756,16.724,16.476,16.951,14.346,10.485,12.083,13.408,10.436,12.824,16.813,21.534,15.257,11.968,13.412,15.052,20.359,13.781,20.981,19.447,9.5426,4.8497,16.935,14.117,6.1718,21.893,19.681,10.014,15.512,20.387,18.027,17.295,16.193,17.489,14.255,20.566,10.469,12.546,18.112,10.082,10.457,18.579,14.453,19.382,26.888,17.148,19.375,11.571,17.153,4.6987,13.601,17.492
16.17,17.72,19.498,20.118,12.688,17.375,16.112,14.713,9.8116,22.376,18.779,19.164,19.747,20.925,22.317,14.334,14.417,19.085,14.106,22.398,15.845,13.353,11.287,21.191,22.875,15.957,8.1664,16.476,15.772,19.872,0,20.099,21.176,11.441,24.006,21.386,20.946,15.972,19.961,25.754,23.586,15.116,17.192,25.796,23.507,14.737,24.335,24.034,12.69,21.325,17.891,15.074,17.482,24.82,22.666,19.678,18.66,21.343,21.175,20.866,17.149,20.637,15.212,28.981,13.617,15.693,19.586,26.558,13.605,23.003,20.883,22.53,31.582,18.104,22.523,22.442,20.3,16.009,23.265,20.404
19.001,19.66,17.556,21.447,14.959,19.511,15.629,14.23,12.496,21.442,25.318,15.258,22.579,22.079,26.074,15.252,10.304,20.372,16.791,24.669,18.116,8.9542,17.261,22.109,25.147,8.0142,14.141,12.661,16.171,15.759,22.307,22.783,17.271,17.98,16.473,20.903,18.778,18.243,18.789,26.673,13.3,17.387,17.794,21.683,25.778,21.277,27.017,26.078,12.03,17.511,24.431,21.542,9.5392,27.312,25.1,17.509,19.108,24.687,23.446,27.405,23.617,22.908,21.751,7.9054,16.301,18.377,23.531,22.743,15.876,21.504,19.947,25.214,33.853,24.643,18.124,14.938,16.187,12.194,21.097,23.236
15.486,13.073,12.835,15.943,12.406,11.257,15.476,16.874,9.53,17.46,22.15,11.276,12.861,14.133,16.2,14.369,10.089,18.803,7.3144,13.998,15.563,11.439,10.256,16.035,14.902,15.676,11.175,16.194,15.807,15.544,19.342,13.307,13.289,16.153,20.524,17.972,16.334,15.69,18.575,20.598,17.469,14.834,10.898,17.701,23.225,13.4,22.296,15.961,11.816,21.044,16.553,21,17.201,23.483,19.074,17.602,3.5766,16.434,20.893,26.372,18.521,12.237,14.028,22.863,13.335,8.9013,18.403,22.671,13.323,17.522,16.017,13.302,25.721,26.308,20.608,17.795,15.973,15.727,20.641,19.72
16.469,17.784,14.732,19.584,12.752,20.609,11.345,9.9467,9.876,20.381,21.035,15.406,20.047,20.99,14.069,13.325,14.481,19.149,14.171,22.462,15.909,13.418,14.642,14.727,22.94,7.8589,11.521,3.212,11.888,15.429,19.688,20.163,17.419,13.697,14.364,16.62,7.2237,16.036,20.025,19.29,17.538,15.18,16.624,18.264,23.571,16.993,24.193,22.659,12.755,8.0617,20.147,17.329,9.3839,25.105,22.893,8.4925,18.724,23.599,21.239,20.507,14.047,20.701,17.467,22.932,13.681,15.758,21.324,13.294,13.669,21.652,11.241,22.594,30.1,20.36,22.587,14.783,20.365,7.9107,16.813,20.704
12.439,19.879,14.559,13.201,16.348,5.5645,17.945,19.344,16.298,19.725,26.455,14.981,16.016,17.34,17.596,20.443,18.077,22.745,17.594,12.566,19.505,19.426,11.653,21.941,20.808,22.443,14.773,22.962,21.881,18.889,22.939,20.033,16.994,21.166,14.95,19.368,23.289,19.632,24.995,26.504,11.776,18.776,16.805,20.389,26.533,23.679,18.88,15.994,16.35,22.183,22.247,12.609,23.968,28.7,19.348,24.558,15.537,6.3392,24.835,22.23,18.72,18.143,18.641,17.17,20.103,19.181,23.015,25.359,17.265,21.227,19.773,19.09,17.002,27.83,25.277,24.6,23.96,18.596,22.714,16.673
12.474,20.072,13.016,17.869,15.04,14.846,9.63,11.029,14.99,17.755,19.626,5.4301,16.052,12.251,24.045,10.638,10.384,17.683,16.044,21.848,18.197,11.734,19.756,17.496,23.623,15.91,16.635,13.188,12.076,15.839,18.804,22.037,7.4429,12.288,22.849,17.702,17.199,18.324,18.87,22.059,21.058,17.468,17.571,17.996,24.668,15.584,22.478,22.391,12.111,18.037,18.738,15.921,17.435,25.667,23.513,18.468,15.421,20.023,23.527,17.17,17.996,22.989,16.059,26.452,17.94,14.878,20.433,22.966,15.957,11.676,20.028,25.146,27.61,18.951,20.188,22.834,16.268,17.297,20.936,16.708
8.9769,19.888,16.514,18.861,14.857,16.926,13.127,12.063,11.98,18.44,16.129,8.9274,12.555,14.33,23.783,7.1411,13.882,21.181,16.275,23.927,18.013,13.439,16.746,13.998,21.169,13.832,13.625,14.35,8.5788,19.337,15.306,22.267,10.94,8.7905,19.352,18.736,18.296,18.14,19.734,18.562,22.525,17.284,14.073,21.493,24.917,12.087,23.567,20.438,14.859,19.2,15.241,12.423,15.357,22.17,20.016,17.027,18.918,18.693,23.239,13.673,14.499,22.805,12.561,27.919,15.785,17.862,16.936,24.432,15.773,15.173,20.955,21.897,25.008,15.454,22.267,20.756,19.765,13.883,20.615,13.211
18.192,21.482,20.674,24.352,18.695,26.326,17.288,15.889,15.818,15.501,26.977,21.487,21.77,26.932,21.813,19.268,20.424,25.092,20.113,28.404,21.851,19.36,20.584,26.125,24.861,13.801,17.463,9.1543,17.83,25.879,25.63,26.105,23.5,19.639,21.238,22.562,19.59,21.978,25.967,30.688,24.411,21.122,22.566,19.233,29.513,21.177,30.135,23.628,18.697,14.004,18.023,23.272,15.326,24.952,18.637,19.168,22.422,29.541,21.86,26.449,25.347,26.643,17.109,29.721,19.623,21.7,21.484,19.237,19.612,27.733,23.607,26.724,32.046,26.302,28.529,20.725,26.307,13.853,22.174,22.426
14.231,11.818,15.466,14.687,11.219,17.724,12.079,10.681,11.169,20.907,21.769,16.279,17.809,20.09,21.293,14.059,12.948,17.616,15.464,20.929,14.376,14.298,15.935,20.917,21.407,10.764,12.814,10.436,12.622,17.353,20.946,21.456,18.292,14.431,21.588,17.354,0,14.503,21.064,24.683,23.936,13.647,17.358,20.488,22.038,17.727,23.036,22.565,11.222,15.285,20.881,18.063,12.289,23.572,17.818,1.2688,12.757,22.901,19.706,23.855,20.139,19.168,18.202,26.684,13.448,17.051,19.791,20.518,12.136,22.473,18.464,23.887,30.113,21.094,23.467,16.539,18.832,10.816,17.547,18.465
17.515,15.049,13.039,17.892,13.487,14.727,16.425,17.824,13.437,20.596,20.237,20.17,13.937,17.453,14.283,18.276,15.216,19.884,14.56,15.075,16.644,16.565,17.609,14.941,15.979,19.582,15.082,20.101,19.713,15.643,23.248,20.553,19.452,17.23,14.579,22.425,21.78,16.771,23.332,19.504,17.752,15.915,11.975,21.432,17.902,20.646,9.7169,17.037,13.489,21.812,23.799,18.758,21.107,25.839,20.391,23.048,18.425,15.502,21.974,30.291,14.262,13.313,15.105,23.146,17.242,16.147,19.479,26.402,14.404,15.219,11.455,20.133,26.165,24.45,25.39,19.771,21.099,19.634,22.343,21.749
10.252,11.242,15.192,13.64,6.2104,14.067,15.792,14.393,6.16,15.898,19.811,12.894,13.83,15.081,21.956,10.999,7.9394,12.607,10.455,15.92,9.3672,9.2889,10.926,17.856,16.398,12.306,7.8052,12.824,12.437,13.394,15.972,16.447,14.907,15.821,23.288,20.179,14.503,0,6.561,19.674,20.279,8.638,12.821,19.319,7.535,16.54,18.796,17.556,6.2126,17.674,15.912,14.804,13.831,13.207,16.351,15.772,12.182,19.243,14.697,15.292,16.879,14.159,15.95,25.673,9.965,12.042,14.782,22.906,7.1273,17.464,17.583,18.878,17.432,22.484,18.458,15.964,13.823,12.357,21.26,14.487
16.813,15.417,15.738,19.629,12.771,20.628,17.64,18.382,10.149,19.624,23.206,13.44,20.391,20.261,24.606,14.988,8.4855,19.168,14.444,22.481,15.928,9.835,14.914,21.845,22.959,16.294,11.794,16.813,16.426,13.941,19.961,20.436,15.453,15.868,24.902,25.055,21.064,6.561,0,26.235,26.84,15.199,17.529,19.865,7.6169,16.437,21.941,22.986,10.212,21.663,13.284,19.501,17.819,10.578,22.912,21.661,17.29,25.77,21.258,21.853,21.576,20.72,19.639,26.695,12.86,16.031,19.086,24.835,13.688,19.686,18.129,19.89,17.514,22.531,19.005,20.139,14.369,16.346,22.805,21.048
15.434,20.799,18.876,14.024,13.464,21.66,19.534,20.932,16.26,20.839,26.577,17.102,11.857,13.575,14.527,11.42,18.119,19.861,20.31,20.824,16.62,17.718,17.853,4.5634,21.728,21.015,17.905,21.534,12.858,15.887,25.754,26.302,15.09,19.239,14.822,22.668,24.683,19.674,26.235,0,17.996,15.891,17.725,24.572,26.405,22.535,25.055,22.787,16.393,22.056,25.689,20.617,22.54,25.816,26.141,24.211,22.362,26.116,21.95,24.121,14.505,19.063,20.854,23.39,20.064,21.897,22.035,27.288,17.307,13.413,11.699,25.882,31.466,12.46,21.512,25.52,24.003,21.067,22.587,19.669
16.522,20.675,18.642,13.848,16.995,6.2115,19.828,21.226,16.945,17.611,20.72,15.628,20.1,17.987,12.775,20.29,18.543,23.392,17.829,13.213,20.152,19.893,12.299,13.433,13.375,19.904,15.42,15.257,21.727,14.135,23.586,20.68,17.641,23.202,3.1736,20.015,23.936,20.279,26.84,17.996,0,19.422,17.421,13.879,27.814,23.914,21.294,16.641,16.997,10.407,24.203,17.657,21.429,29.347,19.995,25.205,16.184,11.388,25.481,22.877,12.753,16.04,19.288,5.3943,20.749,19.416,23.662,15.64,17.912,21.874,9.9466,19.737,25.312,29.865,25.924,25.397,24.427,19.956,10.938,20.756
16.305,16.245,12.693,7.8406,12.263,15.477,16.08,17.478,10.962,14.826,23.581,12.562,19.239,15.565,8.5133,15.255,7.6075,18.66,6.6669,20.195,15.42,8.9569,11.839,9.1711,19.01,17.107,12.607,16.488,16.693,2.1525,20.773,14.738,14.575,19.125,8.8086,16.655,19.506,15.547,16.093,13.735,11.982,14.691,17.277,18.558,23.082,14.831,22.155,19.83,9.3343,16.042,17.985,14.603,18.632,24.616,22.246,20.775,16.412,20.653,20.75,27.955,8.4917,18.616,20.407,17.377,14.767,10.333,20.835,21.275,13.18,18.808,2.0357,22.925,26.514,25.788,18.126,20.967,13.491,17.159,16.573,20.54
9.3963,10.386,14.335,12.784,2.4275,13.211,14.936,13.537,5.304,12.115,18.955,12.038,12.974,11.298,18.428,10.143,7.0834,8.8246,9.5988,15.064,5.5843,8.4328,10.07,17,15.541,11.45,6.9492,11.968,11.581,12.538,15.116,15.591,14.05,14.965,22.432,16.396,13.647,8.638,15.199,15.891,19.422,0,11.965,15.848,16.173,15.684,17.94,16.7,5.3565,16.818,16.854,13.948,12.975,9.9249,15.495,14.916,11.326,18.387,10.914,22.843,16.023,13.303,15.094,24.817,9.1089,11.186,10.999,20.818,6.2713,16.608,16.727,18.022,22.972,19.842,17.602,15.108,12.967,11.501,18.788,13.631
12.95,18.288,13.685,18.538,13.257,20.899,12.892,11.494,10.38,12.448,15.56,13.947,16.528,14.983,18.761,11.115,14.986,19.654,8.1645,19.795,16.413,13.922,15.146,17.972,19.446,13.263,12.025,13.781,12.552,16.984,14.737,14.157,15.959,8.2215,23.325,18.167,17.727,16.54,16.437,22.535,23.914,15.684,14.525,16.181,22.685,0,22.998,20.576,13.259,18.631,3.1538,11.854,14.788,10.083,19.447,16.458,16.976,18.124,21.743,17.646,13.93,18.034,11.992,29.182,14.185,6.9986,16.367,21.151,14.173,20.192,16.867,21.328,23.818,14.885,22.723,20.187,20.869,13.314,19.121,17.185
16.463,20.276,19.791,22.674,15.244,23.101,16.405,15.006,15.194,23.886,19.072,19.457,20.04,21.816,25.321,14.627,16.973,21.641,19.489,24.954,18.401,18.323,19.959,21.484,24.112,16.775,16.839,17.293,16.065,22.428,18.25,25.481,21.469,11.734,25.616,21.679,21.239,9.0337,15.595,26.047,28.79,17.672,18.037,26.498,16.569,15.03,26.51,26.59,15.246,22.143,18.184,15.366,18.3,22.241,22.959,19.971,21.216,21.636,23.731,21.158,16.037,23.193,15.505,32.694,18.999,21.075,19.879,27.376,16.161,25.178,22.493,24.84,26.466,18.397,26.235,23.699,22.857,16.827,23.558,20.697
15.694,16.081,22.031,18.951,15.483,11.834,20.178,18.78,15.432,9.8928,22.845,18.688,19.271,21.047,16.205,13.858,17.212,21.88,19.727,18.836,18.639,18.561,10.833,18.961,18.904,19.114,13.954,19.632,15.296,19.664,22.023,25.719,20.7,15.507,8.7026,18.549,19.341,18.766,25.327,23.525,11.876,17.91,9.7259,13.625,26.301,18.804,13.599,18.02,15.485,15.936,19.187,19.14,20.639,26.116,22.082,20.61,14.718,17.011,23.969,20.389,18.282,19.089,18.274,17.27,19.237,21.314,22.648,18.595,16.4,24.933,15.475,21.115,28.7,22.17,27.731,20.802,23.095,19.166,16.467,19.928
18.107,19.422,16.369,21.222,14.39,16.619,12.983,11.584,11.514,13.935,22.672,17.183,21.685,22.627,16.835,14.963,16.119,20.787,15.808,23.62,17.547,15.055,16.279,17.492,15.83,9.4966,13.159,4.8497,13.525,18.195,21.325,21.801,19.196,15.334,7.2335,18.257,15.285,17.674,21.663,22.056,10.407,16.818,18.262,10.203,25.209,18.631,25.354,14.598,14.392,0,21.785,18.967,11.022,26.743,23.814,14.863,20.362,21.795,22.877,22.145,16.813,18.495,19.105,15.801,15.319,17.395,22.961,5.2327,15.307,23.429,14.006,17.693,31.738,21.997,24.225,16.421,22.002,9.5484,13.143,22.341
13.287,16.552,16.615,18.636,11.52,11.446,13.229,11.83,11.47,20.71,15.896,16.281,16.864,18.64,15.396,11.451,13.249,17.917,15.765,18.447,14.677,12.588,16.236,16.053,12.781,13.599,13.115,14.117,12.889,16.756,15.074,21.757,18.081,8.5577,15.691,18.503,18.063,14.804,19.501,20.617,17.657,13.948,14.861,18.409,16.53,11.854,15.18,21.875,11.523,18.967,15.008,0,15.124,21.937,19.783,16.795,17.492,6.2694,20.007,17.982,6.1114,15.447,12.329,23.051,15.275,17.352,16.703,23.379,12.437,13.848,12.567,21.664,24.783,15.221,14.905,20.523,19.133,13.651,20.382,14.619
15.882,20.898,16.131,20.984,15.866,23.723,12.745,11.346,12.99,20.226,18.492,16.945,19.46,21.236,26.146,14.047,17.595,22.263,17.285,25.576,19.023,16.532,17.756,20.904,23.532,10.973,14.635,11.491,15.002,23.05,17.669,23.277,18.957,11.154,23.575,18.019,17.608,19.15,22.097,25.467,26.748,18.294,17.457,22.868,26.685,14.45,25.592,27.212,15.869,16.341,17.604,14.786,12.498,24.533,22.379,16.34,21.838,21.056,24.353,20.578,16.862,23.815,11.845,26.892,16.795,18.872,16.219,21.574,16.783,23.19,23.318,24.26,31.914,14.737,25.655,17.897,23.479,11.025,19.927,20.117
18.915,20.311,23.768,22.709,12.352,23.136,22.975,21.577,15.229,16.224,25.643,21.963,22.492,21.223,22.536,20.068,17.008,18.749,18.247,24.989,15.509,18.358,19.994,26.925,23.221,21.374,16.874,21.893,21.506,22.463,24.82,24.24,23.975,18.304,30.661,26.321,23.572,13.207,10.578,25.816,29.347,9.9249,21.889,19.956,16.826,10.083,27.865,24.351,15.281,26.743,6.9292,21.937,22.899,0,25.42,24.841,21.251,28.207,20.839,23.602,24.013,23.228,17.832,34.742,19.034,17.082,20.924,24.926,16.196,26.533,26.651,26.449,26.723,24.968,27.527,25.033,22.892,21.426,22.896,23.149
10.449,8.0354,15.758,10.905,7.4374,13.942,15.248,15.62,7.387,17.125,21.038,11.048,14.026,16.308,23.183,12.226,9.1664,13.834,11.682,17.147,10.594,10.516,12.153,19.083,17.625,13.533,9.0322,14.051,13.664,13.571,17.199,17.674,13.061,17.048,20.081,21.405,11.296,10.721,17.282,20.901,20.154,9.8649,14.048,20.546,18.256,17.767,19.254,18.783,7.4396,18.901,20.921,16.031,15.058,19.79,14.036,12.565,8.975,19.118,15.924,23.969,18.106,15.386,17.177,25.548,11.192,13.269,16.009,24.133,8.3543,17.294,17.76,20.105,24.071,23.711,19.685,12.757,15.05,13.584,22.487,14.683
11.791,19.61,12.554,17.407,14.578,14.384,9.1677,10.566,14.528,17.292,23.44,4.9677,15.368,11.789,23.605,15.966,9.9221,17.221,15.582,21.386,17.735,11.272,19.235,16.698,16.719,15.448,16.115,17.301,17.404,15.377,24.131,21.574,2.955,17.616,23.769,17.239,21.247,17.862,18.408,12.135,20.596,17.005,20.111,17.533,14.27,18.914,12.92,21.928,11.649,22.151,22.068,15.126,16.973,26.93,24.718,19.978,14.958,19.56,23.064,22.498,17.201,19.385,19.455,25.99,17.478,14.416,23.149,22.504,15.495,1.278,19.565,24.684,24.168,16.086,19.726,22.372,15.805,16.834,20.474,16.025
6.2793,11.784,8.3993,3.6048,6.752,4.0315,11.786,13.184,6.7016,13.565,19.827,13.435,9.857,15.623,16.063,11.541,8.481,13.149,10.996,11.033,9.9088,9.8304,10.12,13.065,16.625,12.847,8.3468,13.366,12.978,9.2929,16.513,16.989,15.115,15.933,13.417,17.835,15.045,10.036,16.597,17.628,10.243,9.1795,13.362,17.298,17.571,17.082,17.861,14.461,6.7542,18.215,16.088,15.031,14.372,19.104,16.892,16.313,12.723,9.2077,15.239,20.697,17.106,14.701,9.0445,15.637,10.506,12.583,13.419,22.268,7.6689,17.691,13.481,17.557,15.069,21.324,19,16.505,14.364,12.437,20.238,10.513
15.5,13.086,14.197,15.956,12.488,18.993,10.811,9.412,11.512,22.176,20.5,15.011,19.077,21.359,22.561,12.791,14.217,18.885,15.807,22.198,15.645,15.054,16.278,19.648,22.675,9.4952,13.158,10.014,11.353,18.622,19.678,21.799,17.023,13.162,22.097,16.085,1.2688,15.772,21.661,24.211,25.205,14.916,16.09,19.219,23.307,16.458,23.658,23.614,12.49,14.863,19.612,16.795,11.02,24.841,19.087,0,14.026,23.064,20.975,22.587,18.87,20.437,16.933,25.415,14.717,17.394,21.059,20.096,13.405,21.256,19.733,24.23,31.382,19.825,24.223,16.419,20.101,9.5471,16.279,19.734
13.223,10.809,14.701,13.679,10.211,9.1565,11.314,12.713,10.161,19.899,21.399,15.514,16.8,19.082,21.188,6.2431,11.94,16.608,14.456,16.158,13.368,12.541,14.927,13.1,20.399,15.838,11.806,16.356,7.6808,16.345,19.973,20.448,17.527,14.061,18.542,19.386,14.07,13.495,20.056,17.664,15.368,12.639,16.38,23.32,21.03,17.358,14.468,19.586,10.214,21.206,20.511,17.694,17.363,22.564,16.81,15.339,11.749,14.333,18.698,18.943,19.769,18.16,17.832,20.762,13.966,16.043,18.783,26.439,11.128,19.971,20.236,22.682,28.257,20.724,21.711,15.531,17.824,15.89,22.621,17.457
11.91,9.4963,16.056,12.366,8.8983,9.9723,14.191,15.589,8.8479,16.174,22.499,9.9906,15.487,16.812,14.915,13.687,8.8041,15.295,10.891,16.974,12.055,10.154,8.9712,19.611,18.479,14.993,10.493,15.512,15.125,14.259,18.66,16.883,12.003,18.509,19.239,16.687,12.757,12.182,17.29,22.362,16.184,11.326,14.475,16.415,19.717,16.976,20.715,15.113,8.9005,20.362,20.13,17.492,16.518,21.251,15.497,14.026,0,15.148,17.385,22.795,17.236,15.813,17.605,21.578,12.653,12.478,17.47,21.386,9.8152,16.236,17.092,12.017,27.792,25.172,19.323,14.218,14.687,15.045,19.356,16.144
20.812,22.185,20.263,15.41,20.522,23.047,20.472,19.073,17.646,22.226,24.829,17.787,21.074,24.088,15.913,12.807,16.601,26.92,21.697,22.211,23.679,17.95,19.239,5.9499,23.115,19.157,19.291,19.675,14.245,17.274,24.007,27.689,19.8,17.491,16.209,24.055,23.621,23.806,25.087,10.513,19.382,22.95,19.111,24.212,30.403,20.788,29.052,24.173,18.328,23.442,23.941,17.908,20.682,30.871,27.527,22.352,21.637,24.178,29.009,25.507,15.892,20.45,21.262,24.777,21.451,23.283,25.637,28.675,21.439,23.926,13.085,27.269,34.084,22.973,27.12,26.081,22.484,19.208,23.974,25.046
15.211,15.17,20.394,18.843,8.4865,19.27,20.995,19.596,11.363,18.174,25.014,18.097,18.789,17.357,24.487,16.202,13.142,14.884,15.658,21.123,5.3297,14.492,16.129,23.059,21.6,17.509,13.008,18.027,17.64,18.597,21.175,21.65,20.109,19.374,28.491,22.455,19.706,14.697,21.258,21.95,25.481,10.914,18.024,21.907,22.232,21.743,23.999,22.759,11.416,22.877,24.897,20.007,19.034,20.839,14.936,20.975,17.385,24.446,0,28.799,22.082,19.362,15.119,30.876,15.168,17.245,10.744,26.877,12.33,22.667,22.786,24.081,26.774,25.901,23.661,19.891,19.026,17.56,24.847,19.445
14.536,24.49,22.407,24.302,20.416,16.665,19.021,17.622,17.539,15.584,21.688,17.53,18.114,19.89,21.896,12.7,20.348,26.813,21.834,23.667,23.573,18.998,22.305,19.557,24.943,19.391,19.185,17.295,14.138,25.803,20.866,27.826,19.543,14.35,24.911,24.295,23.855,15.292,21.853,24.121,22.877,22.843,19.633,19.316,22.827,17.646,29.126,23.711,20.418,22.145,16.673,17.982,20.916,23.602,25.575,22.587,22.795,21.841,28.799,0,20.058,27.609,18.121,28.271,21.344,23.421,22.495,24.286,21.333,23.776,26.514,26.806,30.568,21.013,27.826,26.315,25.979,19.443,22.256,18.77
17.222,18.212,20.901,16.106,13.18,8.4699,22.086,21.363,13.13,22.868,26.781,17.886,20.8,20.246,20.502,17.969,14.909,19.577,17.425,15.471,16.337,16.259,14.558,24.826,23.367,19.275,14.775,19.794,19.407,20.364,22.942,22.939,19.899,22.672,17.855,22.273,21.473,6.9699,13.531,26.644,14.681,15.608,19.79,23.294,14.505,23.51,25.766,18.9,13.182,24.644,22.882,19.915,20.8,20.177,22.254,22.742,18.442,13.646,21.667,8.3222,22.823,21.129,21.546,20.076,16.935,19.012,21.752,28.265,14.097,24.132,22.678,21.995,24.402,29.335,25.428,22.934,20.793,19.327,25.62,21.457
15.362,18.628,18.69,16.332,13.596,14.353,15.304,13.905,13.545,15.597,17.971,18.356,18.94,20.716,9.2842,13.526,15.325,19.993,15.159,20.966,16.753,14.663,12.61,9.942,14.857,15.674,15.191,16.193,13.746,10.644,17.149,23.23,20.156,10.633,9.5795,17.426,20.139,16.879,21.576,14.505,12.753,16.023,16.937,19.329,18.606,13.93,17.255,20.601,13.598,16.813,17.083,6.1114,17.199,24.013,21.859,18.87,17.236,12.381,22.082,20.058,0,17.522,14.404,18.147,17.35,18.825,18.779,22.046,14.513,15.923,6.456,23.696,26.859,17.296,16.98,22.598,21.208,15.726,17.344,16.694
18.077,19.89,17.455,21.346,14.859,20.662,15.589,16.62,14.808,17.573,20.686,11.389,21.655,18.21,23.885,16.241,10.203,21.256,16.829,24.568,18.015,11.552,19.574,23.098,23.441,18.389,16.453,18.908,17.679,15.658,19.864,22.822,13.402,8.4231,25.004,23.293,22.854,18.142,18.688,27.662,24.978,17.286,14.262,17.814,25.677,16.645,25.414,22.209,11.93,23.757,19.798,16.981,19.914,26.727,24.574,21.585,15.239,23.25,23.345,22.773,19.056,22.807,17.119,28.412,18.613,18.416,21.493,22.784,15.775,17.635,19.846,24.965,33.569,20.011,20.722,24.612,16.086,18.441,20.754,22.311
14.857,15.847,11.598,16.451,10.815,18.357,14.985,16.383,10.764,20.503,18.796,13.19,18.434,19.686,21.842,15.603,12.544,17.212,15.059,20.524,13.972,13.893,14.591,22.461,12.076,16.91,11.471,17.428,17.041,17.999,19.637,21.052,11.177,15.004,22.137,23.056,19.107,13.583,13.665,20.357,24.568,13.242,17.425,17.703,6.048,18.3,8.2761,22.098,10.817,22.278,21.454,10.482,18.435,22.874,20.955,20.376,16.786,16.752,19.301,24.429,12.558,14.741,18.775,29.963,14.569,16.646,19.386,22.673,11.732,6.944,19.014,23.482,15.946,21.667,21.351,20.568,18.427,16.962,20.643,13.913
15.284,16.273,13.838,17.729,11.242,18.797,15.74,15.145,8.7779,17.724,19.211,11.54,18.861,15.49,18.711,11.534,6.5858,17.639,13.073,20.951,14.398,5.2363,13.543,18.391,16.097,14.923,10.423,15.442,12.972,12.041,18.389,19.065,13.553,11.873,19.006,21.818,19.534,14.525,15.071,22.955,22.18,13.669,14.076,17.965,19.845,15.169,18.495,22.36,8.3126,20.292,18.323,7.3513,16.448,23.594,21.382,20.11,15.39,13.621,19.728,21.298,9.4266,18.762,15.644,22.096,12.583,14.659,19.813,22.935,12.158,17.163,15.883,21.496,28.099,18.536,7.5535,20.995,12.469,14.975,20.905,17.934
14.903,12.438,14.489,18.305,10.875,14.183,17.876,17.374,10.825,12.025,10.01,17.559,11.326,14.842,18.337,15.664,12.604,17.272,11.949,12.463,14.032,13.954,15.591,14.5,2.6653,16.971,12.47,17.489,17.102,18.059,20.637,17.941,19.572,14.618,12.867,24.047,19.168,14.159,20.72,19.063,16.04,13.303,9.3635,8.2925,20.789,18.034,19.439,12.687,10.878,18.495,18.957,15.447,18.496,23.228,17.78,20.437,15.813,17.755,19.362,27.609,17.522,0,12.493,21.435,14.63,13.536,16.868,13.263,11.792,18.107,19.64,15.783,29.042,24.773,22.778,17.159,18.488,17.022,11.233,18.878
12.619,20.534,15.947,20.8,15.502,17.734,12.561,11.162,14.948,16.653,15.228,15.613,16.196,17.972,22.882,10.783,17.231,21.899,19.243,24.269,18.659,17.081,19.714,17.64,20.268,12.931,16.593,13.449,12.221,22.686,14.406,25.235,17.625,7.8898,22.994,17.835,17.395,18.786,18.833,22.203,23.946,17.401,14.193,20.385,24.017,11.186,22.667,24.08,15.504,18.299,8.4323,11.523,14.456,15.362,19.115,16.127,21.474,17.792,22.339,16.415,13.598,22.508,11.661,28.851,18.753,18.185,16.035,23.532,16.419,21.334,20.054,20.996,28.65,14.553,22.391,19.855,23.115,12.983,19.714,16.853
21.916,26.069,24.037,19.242,22.389,11.606,23.534,22.136,20.401,23.005,26.114,21.022,25.494,23.382,18.169,23.158,18.209,28.278,23.223,18.607,25.546,16.86,17.694,18.827,18.769,15.92,20.814,20.566,24.077,19.529,28.981,26.075,23.035,25.886,8.5679,25.409,26.684,25.673,26.695,23.39,5.3943,24.817,22.815,19.273,33.208,29.182,26.689,22.035,19.936,15.801,29.597,23.051,17.445,34.742,25.389,25.415,21.578,16.782,30.876,28.271,18.147,21.435,24.682,0,24.206,24.81,29.056,21.034,23.306,27.268,15.341,25.131,30.706,32.549,26.029,22.844,24.092,20.1,16.333,26.151
17.445,15.032,18.68,17.902,14.434,20.939,15.294,13.895,14.038,24.122,24.983,19.494,21.023,23.305,19.118,17.274,16.163,20.831,18.333,24.144,17.591,17.513,18.804,19.776,24.621,12.908,15.683,8.2616,15.836,20.479,23.85,24.325,21.507,17.645,19.414,20.568,3.2146,17.718,23.094,24.34,22.587,16.862,20.573,23.314,25.253,20.942,26.251,25.78,14.436,13.111,24.096,21.278,14.433,26.786,21.033,4.4834,15.972,26.115,22.921,25.557,19.097,22.383,21.416,27.982,10.233,19.92,23.005,18.344,15.351,25.688,16.29,26.756,33.328,24.308,26.682,19.754,22.046,12.96,20.762,21.68
10.717,11.707,13.614,14.105,6.6753,11.362,13.431,12.032,3.7989,16.363,20.276,13.359,14.295,14.913,13.391,8.638,8.4044,13.072,8.0937,16.385,9.8321,7.3404,5.2741,14.048,16.862,9.9445,2.1537,10.463,10.076,13.859,10.32,14.086,15.371,15.782,13.686,18.077,14.968,9.959,13.948,18.612,16.859,9.1029,11.179,19.784,17.494,14.179,18.323,18.021,6.6775,15.313,17.333,15.269,11.469,19.028,16.816,15.311,12.647,16.538,15.162,21.338,13.369,14.624,16.415,22.254,7.6038,9.6805,15.247,20.545,7.5923,16.99,10.562,16.517,25.569,22.445,16.51,16.429,14.288,9.9963,18.899,14.952
16.044,22.906,17.682,21.587,17.874,23.992,14.295,12.897,14.997,23.467,18.653,18.495,19.621,21.397,22.09,14.208,19.603,24.107,19.292,25.367,21.03,18.539,19.763,12.126,23.693,12.98,16.642,13.499,14.838,23.45,17.831,25.284,20.508,11.315,22.385,19.57,17.445,21.157,22.258,16.69,25.559,20.301,14.242,22.704,27.442,14.611,25.394,27.099,17.876,18.348,17.765,14.948,14.505,24.694,22.54,16.176,23.845,21.217,25.764,20.739,17.023,23.606,15.086,28.9,18.802,20.879,19.46,23.581,18.791,24.741,19.262,24.421,32.075,17.978,25.816,19.904,25.486,13.032,19.764,20.278
21.483,25.619,24.739,29.591,24.366,29.432,21.352,19.954,23.812,28.833,24.092,24.477,25.061,26.836,28.511,19.647,26.095,30.763,27.694,28.208,27.523,25.945,28.578,26.504,29.112,21.795,25.457,22.314,21.085,29.871,23.27,33.686,26.49,11.829,28.806,26.627,19.922,20,20.082,31.068,31.98,26.794,23.057,31.519,12.465,20.05,26.789,30.171,24.369,27.163,23.204,20.387,23.32,29.291,27.979,21.191,30.338,26.656,31.203,26.179,22.462,26.447,20.452,37.374,26.941,27.049,24.827,32.396,25.283,25.457,25.683,29.86,22.363,23.344,31.255,28.719,31.979,21.847,28.579,25.717
20.923,19.217,18.022,13.169,16.881,13.852,21.404,20.005,14.005,12.433,23.962,17.89,18.105,20.894,6.121,13.636,12.936,21.834,11.995,17.803,20.038,14.286,9.4469,6.7789,16.618,18.743,12.36,14.096,15.074,7.4811,20.526,20.067,19.903,16.733,6.4164,14.262,18.108,20.165,21.422,11.342,9.59,19.309,16.143,16.166,24.705,20.029,17.879,17.438,14.663,13.65,21.728,12.211,20.268,28.657,20.792,19.377,16.735,18.48,25.368,26.157,6.0995,17.481,19.273,14.984,17.81,15.662,23.647,18.883,17.798,22.023,3.2929,20.533,31.843,23.396,23.08,23.939,18.819,18.795,14.181,22.794
18.166,24.655,21.602,25.873,18.39,19.795,18.216,16.817,16.746,8.7025,17.942,17.536,21.744,24.357,15.015,20.196,16.349,24.787,21.041,25.552,21.547,17.699,21.512,22.725,10.597,14.729,18.392,10.082,18.758,21.804,26.558,21.836,19.549,20.567,12.466,23.156,20.518,22.906,24.835,27.288,15.64,20.818,22.452,4.9701,28.721,21.151,27.371,9.3649,18.076,5.2327,17.997,23.379,16.254,24.926,18.582,20.096,21.386,24.971,26.877,24.286,22.046,13.263,17.083,21.034,20.551,22.628,21.458,0,20.54,23.782,19.239,12.46,32.02,27.23,26.868,21.653,22.233,14.781,7.9103,22.4
17.974,19.348,17.425,12.573,17.611,14.582,18.083,19.481,14.735,13.164,24.693,18.621,18.236,21.251,6.8511,9.9696,13.666,22.564,12.726,18.533,20.768,15.016,10.177,3.1125,17.348,19.473,13.09,14.826,11.407,8.2112,21.256,20.797,20.633,17.463,7.1465,14.992,18.838,20.895,22.152,7.6758,10.32,20.039,16.274,16.896,25.435,20.759,21.545,18.168,15.393,14.38,22.458,12.941,20.998,29.387,21.522,20.107,17.465,19.21,26.098,22.67,6.8296,17.612,19.404,15.714,18.54,16.392,23.778,19.613,18.528,21.089,4.023,21.263,31.246,20.136,23.81,24.069,19.55,19.525,14.911,22.208
7.8857,8.8756,8.7507,11.274,3.8437,11.7,12.137,12.027,3.7933,13.532,12.684,10.527,11.463,12.714,19.589,8.6324,5.5727,10.241,8.0881,13.553,7.0005,6.9222,8.5589,15.489,14.031,9.9389,5.4385,10.457,10.07,11.028,13.605,14.08,12.54,13.454,20.921,17.812,12.136,7.1273,13.688,17.307,17.912,6.2713,10.454,16.952,14.662,14.173,16.429,15.189,3.8459,15.307,17.327,12.437,11.464,16.196,13.984,13.405,9.8152,16.877,12.33,21.333,14.513,11.792,13.584,23.306,7.5983,9.675,12.415,20.54,0,15.097,15.216,16.511,22.738,20.117,16.092,13.597,11.456,9.9908,18.893,12.12
12.322,13.312,15.219,15.71,8.2803,16.137,15.036,13.637,5.4039,17.968,21.881,14.109,15.9,16.518,21.2,10.243,10.009,14.677,9.6987,17.99,11.437,8.9454,10.169,17.1,18.467,11.549,7.0491,12.068,11.681,15.464,15.216,15.691,16.122,17.387,22.889,20.31,11.849,11.564,14.459,21.663,22.348,10.708,12.784,21.389,19.099,15.784,20.866,19.626,8.2825,16.918,18.938,16.874,13.074,20.633,18.421,13.118,14.252,21.313,16.767,22.943,18.949,16.229,18.02,25.805,1.599,11.286,16.852,22.15,9.1972,19.534,18.401,18.122,27.132,24.05,18.115,18.034,15.893,11.601,20.504,16.557
13.069,19.212,13.832,18.685,14.18,15.662,10.446,11.844,14.13,18.57,22.162,6.2458,16.646,13.067,24.883,17.244,11.2,18.499,16.86,22.664,17.337,12.55,17.957,17.976,15.441,16.726,14.837,18.579,18.682,16.655,23.003,22.852,4.233,18.37,25.047,18.517,22.473,17.464,19.686,13.413,21.874,16.608,20.791,18.812,12.992,20.192,11.642,23.206,12.927,23.429,23.346,13.848,18.251,26.533,24.321,21.256,16.236,20.117,22.667,23.776,15.923,18.107,20.733,27.268,17.935,15.694,22.752,23.782,15.097,0,20.843,25.962,22.89,17.364,21.004,23.65,17.084,18.112,21.752,17.279
16.317,24.232,16.566,21.419,17.415,24.266,13.179,11.781,18.646,20.66,18.926,17.379,15.808,17.526,26.58,14.481,20.93,22.991,22.941,26.534,20.572,20.779,23.412,17.023,23.966,16.629,20.292,17.148,15.919,26.385,18.104,28.934,19.041,11.588,26.692,18.454,21.094,22.484,22.531,12.46,29.865,19.842,17.892,24.393,27.715,14.885,26.027,27.778,19.203,21.997,18.038,15.221,18.154,24.968,22.814,19.825,25.172,21.49,25.901,21.013,17.296,24.773,12.279,32.549,22.451,21.883,16.654,27.23,20.117,17.364,23.752,24.695,32.349,0,25.463,23.553,26.813,16.681,23.413,20.551
18.941,20.207,17.771,21.662,15.175,19.713,18.958,20.357,12.711,21.657,26.765,14.758,15.363,7.9369,26.264,15.467,10.519,21.572,16.835,24.54,18.332,9.1696,17.477,22.325,23.65,18.857,14.356,19.375,16.905,15.974,22.523,22.827,16.771,19.426,26.56,27.029,23.467,18.458,19.005,21.512,25.924,17.602,18.009,21.898,25.993,22.723,26.049,25.922,12.246,24.225,25.877,14.905,20.382,27.527,25.315,24.223,19.323,21.174,23.661,27.826,16.98,22.778,23.197,26.029,16.516,18.422,23.746,26.868,16.092,21.004,20.162,25.429,34.069,25.463,0,24.928,16.402,18.908,24.838,23.175
15.692,4.7216,17.925,16.148,12.68,19.185,14.539,13.14,12.63,22.368,24.228,17.404,17.783,19.981,26.337,16.519,14.409,19.077,16.925,18.92,14.562,15.759,17.396,20.957,19.824,6.924,14.275,11.571,15.081,18.814,22.442,22.917,19.417,16.89,23.654,19.813,16.539,15.964,20.139,25.52,25.397,15.108,15.821,22.947,23.499,20.187,24.497,20.883,12.682,16.421,23.34,20.523,8.449,25.033,19.279,16.419,14.218,24.212,19.891,26.315,22.598,17.159,18.951,22.844,16.435,18.512,16.146,21.653,13.597,23.65,23.002,23.978,31.574,23.553,24.928,0,20.293,11.104,20.007,19.926
14.581,15.571,13.136,17.026,10.539,18.396,15.038,16.436,10.489,17.022,24.14,10.838,18.159,17.659,22.004,13.279,5.8834,16.936,14.784,20.249,13.696,7.2328,15.254,20.136,20.726,16.634,12.134,17.153,14.717,11.338,20.3,20.776,12.851,20.15,22.3,23.109,18.832,13.823,14.369,24.003,24.427,12.967,15.82,17.263,21.358,20.869,22.597,21.657,7.6102,22.002,24.023,19.133,18.159,22.892,20.68,20.101,14.687,23.572,19.026,25.979,21.208,18.488,20.279,24.092,14.294,16.37,19.11,22.233,11.456,17.084,15.527,23.207,29.433,26.813,16.402,20.293,0,16.686,20.203,18.815
13.586,14.576,18.525,16.974,6.6172,16.686,19.126,17.727,9.4936,16.305,23.145,16.227,17.164,15.488,22.618,14.333,11.273,13.014,13.788,19.254,9.774,12.622,14.259,21.19,19.731,15.639,11.139,16.158,15.77,16.728,19.305,19.781,18.24,19.155,26.071,20.585,17.837,12.828,19.389,20.081,22.897,9.0447,16.154,20.038,20.363,19.874,22.13,20.889,9.5462,21.007,23.027,18.138,17.164,18.97,19.684,19.105,15.515,21.862,15.104,16.538,20.213,17.493,19.284,28.292,13.299,15.375,15.188,25.008,10.461,20.798,20.916,22.212,28.438,24.032,21.792,19.297,17.156,15.691,22.978,17.82
12.791,14.106,11.053,15.906,9.0738,16.468,7.6667,6.2681,6.1974,18.762,17.356,11.867,16.369,17.311,21.082,9.6468,10.803,15.471,10.492,18.783,12.231,9.7389,10.963,16.504,19.261,4.1803,7.8426,4.6987,8.209,16.258,16.009,16.485,13.879,10.018,16.782,12.941,10.816,12.357,16.346,21.067,19.956,11.501,12.946,16.075,19.892,13.314,20.514,20.419,9.076,9.5484,16.468,13.651,5.7053,21.426,19.214,9.5471,15.045,19.92,17.56,19.443,15.726,17.022,13.789,20.1,10.002,12.079,17.645,14.781,9.9908,18.112,19.151,18.915,22.189,16.681,18.908,11.104,16.686,0,13.135,17.025
15.961,14.478,18.817,19.349,11.919,19.775,18.826,17.443,9.2095,21.607,22.267,14.626,19.538,20.323,25.006,14.049,11.565,18.316,13.504,21.628,15.076,12.751,13.975,20.906,22.106,15.355,10.855,15.873,15.486,17.02,19.021,19.497,16.639,14.929,26.694,24.116,20.211,5.7084,3.0796,25.382,25.987,14.346,16.59,22.944,7.1873,15.498,21.511,22.046,11.921,20.723,12.344,18.561,16.88,9.6386,22.059,20.722,17.89,24.831,20.405,21,20.637,19.867,18.7,29.611,11.921,15.091,18.146,25.956,12.836,20.179,21.208,18.951,17.085,21.592,21.921,19.199,17.448,15.407,24.309,20.195
12.621,23.37,14.741,15.263,18.41,15.69,18.128,19.526,18.36,17.182,26.922,22.328,16.199,23.625,23.495,20.626,20.139,24.807,21.044,22.692,21.567,21.489,18.123,24.724,22.966,22.959,20.005,23.478,22.063,20.951,28.172,27.036,21.457,22.275,15.992,25.838,26.631,21.694,28.255,28.056,19.166,20.838,17.015,20.915,26.715,25.572,20.889,24.082,18.413,23.225,22.429,21.373,24.484,29.359,27.436,27.9,22.007,20.866,26.897,27.157,23.448,25.632,20.703,24.56,22.165,22.63,24.087,25.885,19.327,24.033,22.765,27.177,21.411,28.938,30.658,28.092,26.023,18.779,23.757,16.855
16.136,23.008,17.785,22.637,16.361,17.15,14.398,13,15.1,6.6727,15.912,15.506,19.714,22.327,12.985,16.378,14.32,22.758,19.395,23.522,19.517,15.669,19.866,18.024,8.5675,13.083,16.745,13.601,14.941,18.726,23.265,19.806,17.519,16.75,7.7647,19.673,17.547,21.26,22.805,22.587,10.938,18.788,19.677,2.9402,26.691,19.121,25.341,7.3351,16.046,13.143,15.967,20.382,14.608,22.896,16.552,16.279,19.356,22.326,24.847,22.256,17.344,11.233,15.054,16.333,18.905,20.982,19.428,7.9103,18.893,21.752,14.538,10.43,29.99,23.413,24.838,20.007,20.203,13.135,0,20.37
17.763,18.753,22.702,21.151,10.794,21.577,21.596,20.197,13.67,20.482,24.263,20.404,21.34,19.665,26.794,18.509,15.45,17.191,17.965,23.43,13.951,16.799,18.436,25.366,23.908,19.816,15.316,20.334,19.947,20.905,23.44,23.957,22.417,16.925,30.798,24.762,22.013,17.004,23.565,24.258,27.789,8.3664,20.331,24.214,24.539,20.221,26.306,25.066,13.723,25.184,17.467,20.557,21.341,18.291,23.861,23.282,19.692,26.754,19.28,25.45,22.633,21.669,20.696,33.183,17.475,19.552,19.365,29.184,14.638,24.974,25.093,26.388,31.339,23.588,25.969,23.474,21.333,19.868,27.155,21.997
4.2342,15.204,13.596,14.118,11.203,14.545,16.983,16.89,11.153,13.698,21.226,15.083,7.8119,15.238,20.01,12.239,12.932,17.6,15.447,20.899,14.115,14.281,15.918,19.096,16.213,16.973,12.798,17.492,13.677,18.387,20.404,19.734,13.07,13.888,23.93,23.563,18.465,14.487,21.048,19.669,20.756,13.631,17.799,17.43,19.961,17.185,18.611,15.695,11.205,22.341,16.22,14.619,18.498,23.149,19.049,19.734,16.144,19.721,19.445,18.77,16.694,18.878,15.306,26.151,14.958,17.034,15.7,22.4,12.12,17.279,22.575,18.79,20.266,20.551,23.175,19.926,18.815,17.025,20.37,0
19.108,10.973,18.124,22.222,15.097,20.537,15.321,16.719,12.221,21.356,28.106,11.121,22.15,17.942,27.669,17.06,16.075,21.494,15.583,23.288,13.057,15.762,16.986,23.917,24.192,18.366,13.866,18.885,18.497,21.53,22.032,21.575,13.134,20.768,29.705,23.392,21.864,14.1,11.471,28.223,26.749,17.525,19.601,23.687,17.719,16.289,27.585,24.67,15.099,23.734,13.136,23.691,19.891,18.03,25.237,23.132,20.469,25.713,18.386,21.119,25.766,21.526,19.016,32.143,8.4157,17.17,14.641,28.657,16.014,17.367,24.286,24.939,24.144,27.431,24.932,15.694,21.959,18.418,26.627,23.342
